{
  "results": [
    {
      "command": "context pipeline",
      "mean": 2.48946211166,
      "stddev": 0.030575602228246915,
      "median": 2.48247464306,
      "user": 2.2947857199999997,
      "system": 0.17837174,
      "min": 2.4508599890600005,
      "max": 2.53384046806,
      "times": [
        2.48247464306,
        2.5007996710600002,
        2.47933578706,
        2.53384046806,
        2.4508599890600005
      ],
      "memory_usage_byte": [
        187277312,
        187277312,
        187277312,
        187277312,
        187277312
      ],
      "exit_codes": [
        0,
        0,
        0,
        0,
        0
      ]
    }
  ]
}
