{
  "results": [
    {
      "command": "vet --version",
      "mean": 2.3228048532599996,
      "stddev": 0.024231066131998272,
      "median": 2.3169044085599997,
      "user": 2.16243968,
      "system": 0.14578702000000002,
      "min": 2.2998260880599997,
      "max": 2.38495952006,
      "times": [
        2.38495952006,
        2.3369281800599997,
        2.3176197560599996,
        2.3161890610599998,
        2.30918364806,
        2.32731336206,
        2.2998260880599997,
        2.3100204670599997,
        2.30745699606,
        2.31855145406
      ],
      "memory_usage_byte": [
        134660096,
        134660096,
        134660096,
        134660096,
        134713344,
        134864896,
        134864896,
        134864896,
        134864896,
        134864896
      ],
      "exit_codes": [
        0,
        0,
        0,
        0,
        0,
        0,
        0,
        0,
        0,
        0
      ]
    },
    {
      "command": "vet --list-fields",
      "mean": 2.31880757866,
      "stddev": 0.030214841003008933,
      "median": 2.3070488325599996,
      "user": 2.16044898,
      "system": 0.14310701999999997,
      "min": 2.2981588390599996,
      "max": 2.39965969906,
      "times": [
        2.30446174206,
        2.39965969906,
        2.3178625610599997,
        2.3062068550599997,
        2.30401581906,
        2.30789081006,
        2.3114223250599997,
        2.30347120806,
        2.3349259280599997,
        2.2981588390599996
      ],
      "memory_usage_byte": [
        134864896,
        134864896,
        134864896,
        134864896,
        134864896,
        134864896,
        134864896,
        134864896,
        134864896,
        134864896
      ],
      "exit_codes": [
        0,
        0,
        0,
        0,
        0,
        0,
        0,
        0,
        0,
        0
      ]
    },
    {
      "command": "vet --list-issue-codes",
      "mean": 2.3084525235599997,
      "stddev": 0.0071612429893170345,
      "median": 2.3066005895599995,
      "user": 2.1492064799999997,
      "system": 0.14421252,
      "min": 2.29912946406,
      "max": 2.32105679506,
      "times": [
        2.31781513806,
        2.32105679506,
        2.3049194910599997,
        2.29912946406,
        2.31084731206,
        2.29953933006,
        2.30599716306,
        2.3056737950599997,
        2.3072040160599996,
        2.3123427310599998
      ],
      "memory_usage_byte": [
        134864896,
        134864896,
        134864896,
        134864896,
        134864896,
        134864896,
        134864896,
        134864896,
        134864896,
        134864896
      ],
      "exit_codes": [
        0,
        0,
        0,
        0,
        0,
        0,
        0,
        0,
        0,
        0
      ]
    },
    {
      "command": "vet --list-models",
      "mean": 2.3484592205599997,
      "stddev": 0.024062293963134522,
      "median": 2.34770119406,
      "user": 2.1850173799999992,
      "system": 0.14705152,
      "min": 2.3208615680599998,
      "max": 2.40365733706,
      "times": [
        2.3208615680599998,
        2.36163896006,
        2.34839977106,
        2.35376107506,
        2.35502148406,
        2.32628855706,
        2.34504093206,
        2.32291990406,
        2.34700261706,
        2.40365733706
      ],
      "memory_usage_byte": [
        134864896,
        134864896,
        134864896,
        134864896,
        134877184,
        134877184,
        134877184,
        134877184,
        134877184,
        134877184
      ],
      "exit_codes": [
        0,
        0,
        0,
        0,
        0,
        0,
        0,
        0,
        0,
        0
      ]
    },
    {
      "command": "vet --list-configs",
      "mean": 2.34370211146,
      "stddev": 0.03963250881668122,
      "median": 2.32676196256,
      "user": 2.1852265800000006,
      "system": 0.14244812,
      "min": 2.31405991406,
      "max": 2.4404772210599996,
      "times": [
        2.36734691606,
        2.31405991406,
        2.31719742506,
        2.32595984206,
        2.3311526800599998,
        2.3163818510599996,
        2.4404772210599996,
        2.37196663606,
        2.32756408306,
        2.32491454606
      ],
      "memory_usage_byte": [
        134877184,
        134877184,
        134877184,
        134877184,
        134877184,
        134877184,
        134877184,
        134877184,
        134877184,
        134877184
      ],
      "exit_codes": [
        0,
        0,
        0,
        0,
        0,
        0,
        0,
        0,
        0,
        0
      ]
    }
  ]
}
